,BTCBUSD,ETHBUSD,LTCBUSD,BNBBUSD
BTCBUSD,1.0,0.86430439900162,0.7857687289154611,0.8214866426619796
ETHBUSD,0.86430439900162,1.0,0.7669216685850194,0.7871969487305235
LTCBUSD,0.7857687289154611,0.7669216685850194,1.0,0.7443883260591195
BNBBUSD,0.8214866426619796,0.7871969487305235,0.7443883260591195,1.0
